SEANCE_DT, POINT_DT, ORBIT, WKT, HEIGHT, POINT_TYPE
"2019-03-12 06:14:24", "2019-03-12 06:14:24", 5793, "POINT(27.5994 51.8163)", -33.58, "TRACK"
"2019-03-12 06:14:24", "2019-03-12 06:14:24", 5793, "POINT(-6.0688 60.0136)", -33.58, "OCCULTATION"
"2019-03-12 06:14:24", "2019-03-12 06:14:28", 5793, "POINT(27.7114 51.9682)", -32.59, "TRACK"
"2019-03-12 06:14:24", "2019-03-12 06:14:28", 5793, "POINT(-6.2699 60.2185)", -32.59, "OCCULTATION"
"2019-03-12 06:14:24", "2019-03-12 06:14:30", 5793, "POINT(27.7822 52.0638)", -31.96, "TRACK"
"2019-03-12 06:14:24", "2019-03-12 06:14:30", 5793, "POINT(-6.4005 60.3474)", -31.96, "OCCULTATION"
"2019-03-12 06:14:24", "2019-03-12 06:14:32", 5793, "POINT(27.8538 52.1597)", -31.33, "TRACK"
"2019-03-12 06:14:24", "2019-03-12 06:14:32", 5793, "POINT(-6.5350 60.4770)", -31.33, "OCCULTATION"
"2019-03-12 06:14:24", "2019-03-12 06:14:34", 5793, "POINT(27.9254 52.2552)", -30.69, "TRACK"
"2019-03-12 06:14:24", "2019-03-12 06:14:34", 5793, "POINT(-6.6722 60.6061)", -30.69, "OCCULTATION"
"2019-03-12 06:14:24", "2019-03-12 06:14:36", 5793, "POINT(27.9977 52.3510)", -30.06, "TRACK"
"2019-03-12 06:14:24", "2019-03-12 06:14:36", 5793, "POINT(-6.8136 60.7358)", -30.06, "OCCULTATION"
"2019-03-12 06:14:24", "2019-03-12 06:14:39", 5793, "POINT(28.0686 52.4445)", -29.43, "TRACK"
"2019-03-12 06:14:24", "2019-03-12 06:14:39", 5793, "POINT(-6.9552 60.8626)", -29.43, "OCCULTATION"
"2019-03-12 06:14:24", "2019-03-12 06:14:41", 5793, "POINT(28.1415 52.5402)", -28.79, "TRACK"
"2019-03-12 06:14:24", "2019-03-12 06:14:41", 5793, "POINT(-7.1039 60.9924)", -28.79, "OCCULTATION"
"2019-03-12 06:14:24", "2019-03-12 06:14:43", 5793, "POINT(28.2145 52.6354)", -28.14, "TRACK"
"2019-03-12 06:14:24", "2019-03-12 06:14:43", 5793, "POINT(-7.2558 61.1216)", -28.14, "OCCULTATION"
"2019-03-12 06:14:24", "2019-03-12 06:14:45", 5793, "POINT(28.2881 52.7310)", -27.49, "TRACK"
"2019-03-12 06:14:24", "2019-03-12 06:14:45", 5793, "POINT(-7.4125 61.2514)", -27.49, "OCCULTATION"
"2019-03-12 06:14:24", "2019-03-12 06:14:47", 5793, "POINT(28.3618 52.8261)", -26.85, "TRACK"
"2019-03-12 06:14:24", "2019-03-12 06:14:47", 5793, "POINT(-7.5726 61.3807)", -26.85, "OCCULTATION"
"2019-03-12 06:14:24", "2019-03-12 06:14:49", 5793, "POINT(28.4362 52.9216)", -26.19, "TRACK"
"2019-03-12 06:14:24", "2019-03-12 06:14:49", 5793, "POINT(-7.7379 61.5106)", -26.19, "OCCULTATION"
"2019-03-12 06:14:24", "2019-03-12 06:14:51", 5793, "POINT(28.5105 53.0165)", -25.54, "TRACK"
"2019-03-12 06:14:24", "2019-03-12 06:14:51", 5793, "POINT(-7.9069 61.6399)", -25.54, "OCCULTATION"
"2019-03-12 06:14:24", "2019-03-12 06:14:54", 5793, "POINT(28.5856 53.1118)", -24.88, "TRACK"
"2019-03-12 06:14:24", "2019-03-12 06:14:54", 5793, "POINT(-8.0816 61.7698)", -24.88, "OCCULTATION"
"2019-03-12 06:14:24", "2019-03-12 06:14:56", 5793, "POINT(28.6608 53.2067)", -24.22, "TRACK"
"2019-03-12 06:14:24", "2019-03-12 06:14:56", 5793, "POINT(-8.2603 61.8991)", -24.22, "OCCULTATION"
"2019-03-12 06:14:24", "2019-03-12 06:14:58", 5793, "POINT(28.7366 53.3019)", -23.55, "TRACK"
"2019-03-12 06:14:24", "2019-03-12 06:14:58", 5793, "POINT(-8.4451 62.0291)", -23.55, "OCCULTATION"
"2019-03-12 06:14:24", "2019-03-12 06:15:00", 5793, "POINT(28.8125 53.3966)", -22.89, "TRACK"
"2019-03-12 06:14:24", "2019-03-12 06:15:00", 5793, "POINT(-8.6345 62.1584)", -22.89, "OCCULTATION"
"2019-03-12 06:14:24", "2019-03-12 06:15:02", 5793, "POINT(28.8890 53.4916)", -22.22, "TRACK"
"2019-03-12 06:14:24", "2019-03-12 06:15:02", 5793, "POINT(-8.8305 62.2883)", -22.22, "OCCULTATION"
"2019-03-12 06:14:24", "2019-03-12 06:15:04", 5793, "POINT(28.9657 53.5862)", -21.55, "TRACK"
"2019-03-12 06:14:24", "2019-03-12 06:15:04", 5793, "POINT(-9.0315 62.4175)", -21.55, "OCCULTATION"
"2019-03-12 06:14:24", "2019-03-12 06:15:06", 5793, "POINT(29.0430 53.6811)", -20.87, "TRACK"
"2019-03-12 06:14:24", "2019-03-12 06:15:06", 5793, "POINT(-9.2397 62.5474)", -20.87, "OCCULTATION"
"2019-03-12 06:14:24", "2019-03-12 06:15:09", 5793, "POINT(29.1204 53.7756)", -20.19, "TRACK"
"2019-03-12 06:14:24", "2019-03-12 06:15:09", 5793, "POINT(-9.4536 62.6765)", -20.19, "OCCULTATION"
"2019-03-12 06:14:24", "2019-03-12 06:15:11", 5793, "POINT(29.1985 53.8704)", -19.51, "TRACK"
"2019-03-12 06:14:24", "2019-03-12 06:15:11", 5793, "POINT(-9.6754 62.8062)", -19.51, "OCCULTATION"
"2019-03-12 06:14:24", "2019-03-12 06:15:13", 5793, "POINT(29.2766 53.9647)", -18.83, "TRACK"
"2019-03-12 06:14:24", "2019-03-12 06:15:13", 5793, "POINT(-9.9035 62.9353)", -18.83, "OCCULTATION"
"2019-03-12 06:14:24", "2019-03-12 06:15:15", 5793, "POINT(29.3555 54.0593)", -18.15, "TRACK"
"2019-03-12 06:14:24", "2019-03-12 06:15:15", 5793, "POINT(-10.1405 63.0648)", -18.15, "OCCULTATION"
"2019-03-12 06:14:24", "2019-03-12 06:15:17", 5793, "POINT(29.4345 54.1535)", -17.46, "TRACK"
"2019-03-12 06:14:24", "2019-03-12 06:15:17", 5793, "POINT(-10.3847 63.1937)", -17.46, "OCCULTATION"
"2019-03-12 06:14:24", "2019-03-12 06:15:19", 5793, "POINT(29.5141 54.2480)", -16.77, "TRACK"
"2019-03-12 06:14:24", "2019-03-12 06:15:19", 5793, "POINT(-10.6388 63.3230)", -16.77, "OCCULTATION"
"2019-03-12 06:14:24", "2019-03-12 06:15:21", 5793, "POINT(29.5939 54.3421)", -16.08, "TRACK"
"2019-03-12 06:14:24", "2019-03-12 06:15:21", 5793, "POINT(-10.9010 63.4515)", -16.08, "OCCULTATION"
"2019-03-12 06:14:24", "2019-03-12 06:15:24", 5793, "POINT(29.6744 54.4365)", -15.38, "TRACK"
"2019-03-12 06:14:24", "2019-03-12 06:15:24", 5793, "POINT(-11.1745 63.5805)", -15.38, "OCCULTATION"
"2019-03-12 06:14:24", "2019-03-12 06:15:26", 5793, "POINT(29.7553 54.5308)", -14.68, "TRACK"
"2019-03-12 06:14:24", "2019-03-12 06:15:26", 5793, "POINT(-11.4588 63.7093)", -14.68, "OCCULTATION"
"2019-03-12 06:14:24", "2019-03-12 06:15:28", 5793, "POINT(29.8362 54.6246)", -13.98, "TRACK"
"2019-03-12 06:14:24", "2019-03-12 06:15:28", 5793, "POINT(-11.7533 63.8373)", -13.98, "OCCULTATION"
"2019-03-12 06:14:24", "2019-03-12 06:15:30", 5793, "POINT(29.9179 54.7188)", -13.27, "TRACK"
"2019-03-12 06:14:24", "2019-03-12 06:15:30", 5793, "POINT(-12.0617 63.9655)", -13.27, "OCCULTATION"
"2019-03-12 06:14:24", "2019-03-12 06:15:32", 5793, "POINT(29.9997 54.8125)", -12.57, "TRACK"
"2019-03-12 06:14:24", "2019-03-12 06:15:32", 5793, "POINT(-12.3822 64.0929)", -12.57, "OCCULTATION"
"2019-03-12 06:14:24", "2019-03-12 06:15:34", 5793, "POINT(30.0823 54.9065)", -11.86, "TRACK"
"2019-03-12 06:14:24", "2019-03-12 06:15:34", 5793, "POINT(-12.7191 64.2205)", -11.86, "OCCULTATION"
"2019-03-12 06:14:24", "2019-03-12 06:15:36", 5793, "POINT(30.1649 55.0000)", -11.15, "TRACK"
"2019-03-12 06:14:24", "2019-03-12 06:15:36", 5793, "POINT(-13.0706 64.3471)", -11.15, "OCCULTATION"
"2019-03-12 06:14:24", "2019-03-12 06:15:39", 5793, "POINT(30.2483 55.0939)", -10.43, "TRACK"
"2019-03-12 06:14:24", "2019-03-12 06:15:39", 5793, "POINT(-13.4419 64.4737)", -10.43, "OCCULTATION"
"2019-03-12 06:14:24", "2019-03-12 06:15:41", 5793, "POINT(30.3317 55.1873)", -9.71, "TRACK"
"2019-03-12 06:14:24", "2019-03-12 06:15:41", 5793, "POINT(-13.8314 64.5992)", -9.71, "OCCULTATION"
"2019-03-12 06:14:24", "2019-03-12 06:15:43", 5793, "POINT(30.4160 55.2810)", -8.99, "TRACK"
"2019-03-12 06:14:24", "2019-03-12 06:15:43", 5793, "POINT(-14.2453 64.7246)", -8.99, "OCCULTATION"
"2019-03-12 06:14:24", "2019-03-12 06:15:45", 5793, "POINT(30.5003 55.3743)", -8.27, "TRACK"
"2019-03-12 06:14:24", "2019-03-12 06:15:45", 5793, "POINT(-14.6830 64.8485)", -8.27, "OCCULTATION"
"2019-03-12 06:14:24", "2019-03-12 06:15:47", 5793, "POINT(30.5855 55.4678)", -7.55, "TRACK"
"2019-03-12 06:14:24", "2019-03-12 06:15:47", 5793, "POINT(-15.1524 64.9721)", -7.55, "OCCULTATION"
"2019-03-12 06:14:24", "2019-03-12 06:15:49", 5793, "POINT(30.6707 55.5609)", -6.82, "TRACK"
"2019-03-12 06:14:24", "2019-03-12 06:15:49", 5793, "POINT(-15.6544 65.0938)", -6.82, "OCCULTATION"
"2019-03-12 06:14:24", "2019-03-12 06:15:51", 5793, "POINT(30.7567 55.6544)", -6.09, "TRACK"
"2019-03-12 06:14:24", "2019-03-12 06:15:51", 5793, "POINT(-16.2005 65.2146)", -6.09, "OCCULTATION"
"2019-03-12 06:14:24", "2019-03-12 06:15:54", 5793, "POINT(30.8428 55.7473)", -5.37, "TRACK"
"2019-03-12 06:14:24", "2019-03-12 06:15:54", 5793, "POINT(-16.7954 65.3328)", -5.37, "OCCULTATION"
"2019-03-12 06:14:24", "2019-03-12 06:15:56", 5793, "POINT(30.9297 55.8406)", -4.63, "TRACK"
"2019-03-12 06:14:24", "2019-03-12 06:15:56", 5793, "POINT(-17.4594 65.4490)", -4.63, "OCCULTATION"
"2019-03-12 06:14:24", "2019-03-12 06:15:58", 5793, "POINT(31.0167 55.9333)", -3.90, "TRACK"
"2019-03-12 06:14:24", "2019-03-12 06:15:58", 5793, "POINT(-18.2099 65.5610)", -3.90, "OCCULTATION"
"2019-03-12 06:14:24", "2019-03-12 06:16:00", 5793, "POINT(31.1046 56.0265)", -3.16, "TRACK"
"2019-03-12 06:14:24", "2019-03-12 06:16:00", 5793, "POINT(-19.0975 65.6679)", -3.16, "OCCULTATION"
"2019-03-12 06:14:24", "2019-03-12 06:16:02", 5793, "POINT(31.1925 56.1191)", -2.43, "TRACK"
"2019-03-12 06:14:24", "2019-03-12 06:16:02", 5793, "POINT(-20.2145 65.7643)", -2.43, "OCCULTATION"
"2019-03-12 06:14:24", "2019-03-12 06:16:04", 5793, "POINT(31.2812 56.2120)", -1.70, "TRACK"
"2019-03-12 06:14:24", "2019-03-12 06:16:04", 5793, "POINT(-22.0019 65.8318)", -1.70, "OCCULTATION"
"2019-03-12 06:14:24", "2019-03-12 06:16:07", 5793, "POINT(31.3701 56.3045)", -0.97, "TRACK"
"2019-03-12 06:14:24", "2019-03-12 06:16:07", 5793, "POINT(-23.5755 65.8880)", -0.97, "OCCULTATION"
"2019-03-12 06:14:24", "2019-03-12 06:16:09", 5793, "POINT(31.4568 56.3943)", -0.25, "TRACK"
"2019-03-12 06:14:24", "2019-03-12 06:16:09", 5793, "POINT(-23.6145 66.0013)", -0.25, "OCCULTATION"
"2019-03-12 06:14:24", "2019-03-12 06:16:11", 5793, "POINT(31.5470 56.4870)", 0.50, "TRACK"
"2019-03-12 06:14:24", "2019-03-12 06:16:11", 5793, "POINT(-23.6550 66.1184)", 0.50, "OCCULTATION"
"2019-03-12 06:14:24", "2019-03-12 06:16:13", 5793, "POINT(31.6377 56.5796)", 1.25, "TRACK"
"2019-03-12 06:14:24", "2019-03-12 06:16:13", 5793, "POINT(-23.6959 66.2354)", 1.25, "OCCULTATION"
"2019-03-12 06:14:24", "2019-03-12 06:16:15", 5793, "POINT(31.7284 56.6717)", 1.99, "TRACK"
"2019-03-12 06:14:24", "2019-03-12 06:16:15", 5793, "POINT(-23.7368 66.3518)", 1.99, "OCCULTATION"
"2019-03-12 06:14:24", "2019-03-12 06:16:17", 5793, "POINT(31.8200 56.7642)", 2.75, "TRACK"
"2019-03-12 06:14:24", "2019-03-12 06:16:17", 5793, "POINT(-23.7782 66.4686)", 2.75, "OCCULTATION"
"2019-03-12 06:14:24", "2019-03-12 06:16:19", 5793, "POINT(31.9108 56.8553)", 3.49, "TRACK"
"2019-03-12 06:14:24", "2019-03-12 06:16:19", 5793, "POINT(-23.8193 66.5838)", 3.49, "OCCULTATION"
"2019-03-12 06:14:24", "2019-03-12 06:16:21", 5793, "POINT(32.0035 56.9476)", 4.25, "TRACK"
"2019-03-12 06:14:24", "2019-03-12 06:16:21", 5793, "POINT(-23.8613 66.7006)", 4.25, "OCCULTATION"
"2019-03-12 06:14:24", "2019-03-12 06:16:24", 5793, "POINT(32.0961 57.0394)", 5.01, "TRACK"
"2019-03-12 06:14:24", "2019-03-12 06:16:24", 5793, "POINT(-23.9033 66.8167)", 5.01, "OCCULTATION"
"2019-03-12 06:14:24", "2019-03-12 06:16:26", 5793, "POINT(32.1897 57.1315)", 5.77, "TRACK"
"2019-03-12 06:14:24", "2019-03-12 06:16:26", 5793, "POINT(-23.9459 66.9334)", 5.77, "OCCULTATION"
"2019-03-12 06:14:24", "2019-03-12 06:16:28", 5793, "POINT(32.2834 57.2231)", 6.53, "TRACK"
"2019-03-12 06:14:24", "2019-03-12 06:16:28", 5793, "POINT(-23.9886 67.0494)", 6.53, "OCCULTATION"
"2019-03-12 06:14:24", "2019-03-12 06:16:30", 5793, "POINT(32.3780 57.3151)", 7.30, "TRACK"
"2019-03-12 06:14:24", "2019-03-12 06:16:30", 5793, "POINT(-24.0318 67.1659)", 7.30, "OCCULTATION"
"2019-03-12 06:14:24", "2019-03-12 06:16:32", 5793, "POINT(32.4731 57.4069)", 8.07, "TRACK"
"2019-03-12 06:14:24", "2019-03-12 06:16:32", 5793, "POINT(-24.0754 67.2823)", 8.07, "OCCULTATION"
"2019-03-12 06:14:24", "2019-03-12 06:16:34", 5793, "POINT(32.5683 57.4983)", 8.84, "TRACK"
"2019-03-12 06:14:24", "2019-03-12 06:16:34", 5793, "POINT(-24.1190 67.3982)", 8.84, "OCCULTATION"
"2019-03-12 06:14:24", "2019-03-12 06:16:36", 5793, "POINT(32.6623 57.5878)", 9.60, "TRACK"
"2019-03-12 06:14:24", "2019-03-12 06:16:36", 5793, "POINT(-24.1622 67.5118)", 9.60, "OCCULTATION"
"2019-03-12 06:14:24", "2019-03-12 06:16:39", 5793, "POINT(32.7585 57.6790)", 10.37, "TRACK"
"2019-03-12 06:14:24", "2019-03-12 06:16:39", 5793, "POINT(-24.2065 67.6275)", 10.37, "OCCULTATION"
"2019-03-12 06:14:24", "2019-03-12 06:16:41", 5793, "POINT(32.8557 57.7705)", 11.15, "TRACK"
"2019-03-12 06:14:24", "2019-03-12 06:16:41", 5793, "POINT(-24.2513 67.7437)", 11.15, "OCCULTATION"
"2019-03-12 06:14:24", "2019-03-12 06:16:43", 5793, "POINT(32.9530 57.8614)", 11.93, "TRACK"
"2019-03-12 06:14:24", "2019-03-12 06:16:43", 5793, "POINT(-24.2963 67.8593)", 11.93, "OCCULTATION"
"2019-03-12 06:14:24", "2019-03-12 06:16:45", 5793, "POINT(33.0513 57.9528)", 12.71, "TRACK"
"2019-03-12 06:14:24", "2019-03-12 06:16:45", 5793, "POINT(-24.3419 67.9753)", 12.71, "OCCULTATION"
"2019-03-12 06:14:24", "2019-03-12 06:16:47", 5793, "POINT(33.1496 58.0435)", 13.49, "TRACK"
"2019-03-12 06:14:24", "2019-03-12 06:16:47", 5793, "POINT(-24.3876 68.0908)", 13.49, "OCCULTATION"
"2019-03-12 06:14:24", "2019-03-12 06:16:49", 5793, "POINT(33.2490 58.1347)", 14.28, "TRACK"
"2019-03-12 06:14:24", "2019-03-12 06:16:49", 5793, "POINT(-24.4338 68.2067)", 14.28, "OCCULTATION"
"2019-03-12 06:14:24", "2019-03-12 06:16:51", 5793, "POINT(33.3484 58.2253)", 15.06, "TRACK"
"2019-03-12 06:14:24", "2019-03-12 06:16:51", 5793, "POINT(-24.4802 68.3221)", 15.06, "OCCULTATION"
"2019-03-12 06:14:24", "2019-03-12 06:16:54", 5793, "POINT(33.4484 58.3158)", 15.85, "TRACK"
"2019-03-12 06:14:24", "2019-03-12 06:16:54", 5793, "POINT(-24.5270 68.4373)", 15.85, "OCCULTATION"
"2019-03-12 06:14:24", "2019-03-12 06:16:56", 5793, "POINT(33.5495 58.4066)", 16.65, "TRACK"
"2019-03-12 06:14:24", "2019-03-12 06:16:56", 5793, "POINT(-24.5743 68.5531)", 16.65, "OCCULTATION"
"2019-03-12 06:14:24", "2019-03-12 06:16:58", 5793, "POINT(33.6506 58.4969)", 17.44, "TRACK"
"2019-03-12 06:14:24", "2019-03-12 06:16:58", 5793, "POINT(-24.6219 68.6682)", 17.44, "OCCULTATION"
"2019-03-12 06:14:24", "2019-03-12 06:17:00", 5793, "POINT(33.7527 58.5876)", 18.24, "TRACK"
"2019-03-12 06:14:24", "2019-03-12 06:17:00", 5793, "POINT(-24.6700 68.7838)", 18.24, "OCCULTATION"
"2019-03-12 06:14:24", "2019-03-12 06:17:02", 5793, "POINT(33.8516 58.6747)", 19.01, "TRACK"
"2019-03-12 06:14:24", "2019-03-12 06:17:02", 5793, "POINT(-24.7167 68.8951)", 19.01, "OCCULTATION"
"2019-03-12 06:14:24", "2019-03-12 06:17:04", 5793, "POINT(33.9549 58.7652)", 19.81, "TRACK"
"2019-03-12 06:14:24", "2019-03-12 06:17:04", 5793, "POINT(-24.7656 69.0106)", 19.81, "OCCULTATION"
"2019-03-12 06:14:24", "2019-03-12 06:17:06", 5793, "POINT(34.0582 58.8551)", 20.61, "TRACK"
"2019-03-12 06:14:24", "2019-03-12 06:17:06", 5793, "POINT(-24.8147 69.1255)", 20.61, "OCCULTATION"
"2019-03-12 06:14:24", "2019-03-12 06:17:09", 5793, "POINT(34.1627 58.9453)", 21.42, "TRACK"
"2019-03-12 06:14:24", "2019-03-12 06:17:09", 5793, "POINT(-24.8645 69.2408)", 21.42, "OCCULTATION"
"2019-03-12 06:14:24", "2019-03-12 06:17:11", 5793, "POINT(34.2672 59.0350)", 22.22, "TRACK"
"2019-03-12 06:14:24", "2019-03-12 06:17:11", 5793, "POINT(-24.9144 69.3556)", 22.22, "OCCULTATION"
"2019-03-12 06:14:24", "2019-03-12 06:17:13", 5793, "POINT(34.3728 59.1251)", 23.03, "TRACK"
"2019-03-12 06:14:24", "2019-03-12 06:17:13", 5793, "POINT(-24.9649 69.4708)", 23.03, "OCCULTATION"
"2019-03-12 06:14:24", "2019-03-12 06:17:15", 5793, "POINT(34.4781 59.2141)", 23.84, "TRACK"
"2019-03-12 06:14:24", "2019-03-12 06:17:15", 5793, "POINT(-25.0155 69.5849)", 23.84, "OCCULTATION"
"2019-03-12 06:14:24", "2019-03-12 06:17:17", 5793, "POINT(34.5849 59.3040)", 24.65, "TRACK"
"2019-03-12 06:14:24", "2019-03-12 06:17:17", 5793, "POINT(-25.0669 69.7000)", 24.65, "OCCULTATION"
"2019-03-12 06:14:24", "2019-03-12 06:17:19", 5793, "POINT(34.6918 59.3933)", 25.47, "TRACK"
"2019-03-12 06:14:24", "2019-03-12 06:17:19", 5793, "POINT(-25.1186 69.8144)", 25.47, "OCCULTATION"
"2019-03-12 06:14:24", "2019-03-12 06:17:21", 5793, "POINT(34.7998 59.4829)", 26.29, "TRACK"
"2019-03-12 06:14:24", "2019-03-12 06:17:21", 5793, "POINT(-25.1709 69.9294)", 26.29, "OCCULTATION"
"2019-03-12 06:14:24", "2019-03-12 06:17:24", 5793, "POINT(34.9079 59.5719)", 27.10, "TRACK"
"2019-03-12 06:14:24", "2019-03-12 06:17:24", 5793, "POINT(-25.2235 70.0438)", 27.10, "OCCULTATION"
"2019-03-12 06:14:24", "2019-03-12 06:17:26", 5793, "POINT(35.0172 59.6613)", 27.93, "TRACK"
"2019-03-12 06:14:24", "2019-03-12 06:17:26", 5793, "POINT(-25.2767 70.1586)", 27.93, "OCCULTATION"
"2019-03-12 06:14:24", "2019-03-12 06:17:28", 5793, "POINT(35.1266 59.7502)", 28.75, "TRACK"
"2019-03-12 06:14:24", "2019-03-12 06:17:28", 5793, "POINT(-25.3302 70.2728)", 28.75, "OCCULTATION"
"2019-03-12 06:14:24", "2019-03-12 06:17:30", 5793, "POINT(35.2371 59.8394)", 29.57, "TRACK"
"2019-03-12 06:14:24", "2019-03-12 06:17:30", 5793, "POINT(-25.3845 70.3875)", 29.57, "OCCULTATION"
"2019-03-12 06:14:24", "2019-03-12 06:17:32", 5793, "POINT(35.3477 59.9280)", 30.40, "TRACK"
"2019-03-12 06:14:24", "2019-03-12 06:17:32", 5793, "POINT(-25.4389 70.5015)", 30.40, "OCCULTATION"
"2019-03-12 06:14:24", "2019-03-12 06:17:34", 5793, "POINT(35.4595 60.0169)", 31.23, "TRACK"
"2019-03-12 06:14:24", "2019-03-12 06:17:34", 5793, "POINT(-25.4941 70.6161)", 31.23, "OCCULTATION"
"2019-03-12 06:14:24", "2019-03-12 06:17:36", 5793, "POINT(35.5714 60.1054)", 32.06, "TRACK"
"2019-03-12 06:14:24", "2019-03-12 06:17:36", 5793, "POINT(-25.5496 70.7300)", 32.06, "OCCULTATION"
"2019-03-12 06:14:24", "2019-03-12 06:17:39", 5793, "POINT(35.6845 60.1941)", 32.89, "TRACK"
"2019-03-12 06:14:24", "2019-03-12 06:17:39", 5793, "POINT(-25.6059 70.8444)", 32.89, "OCCULTATION"
"2019-03-12 06:14:24", "2019-03-12 06:17:41", 5793, "POINT(35.7977 60.2823)", 33.72, "TRACK"
"2019-03-12 06:14:24", "2019-03-12 06:17:41", 5793, "POINT(-25.6624 70.9582)", 33.72, "OCCULTATION"
"2019-03-12 06:14:24", "2019-03-12 06:17:43", 5793, "POINT(35.9121 60.3707)", 34.56, "TRACK"
"2019-03-12 06:14:24", "2019-03-12 06:17:43", 5793, "POINT(-25.7197 71.0725)", 34.56, "OCCULTATION"
"2019-03-12 06:14:24", "2019-03-12 06:17:45", 5793, "POINT(36.0271 60.4591)", 35.40, "TRACK"
"2019-03-12 06:14:24", "2019-03-12 06:17:45", 5793, "POINT(-25.7775 71.1867)", 35.40, "OCCULTATION"
"2019-03-12 06:14:24", "2019-03-12 06:17:47", 5793, "POINT(36.1423 60.5469)", 36.24, "TRACK"
"2019-03-12 06:14:24", "2019-03-12 06:17:47", 5793, "POINT(-25.8357 71.3003)", 36.24, "OCCULTATION"
"2019-03-12 06:14:24", "2019-03-12 06:17:49", 5793, "POINT(36.2587 60.6351)", 37.08, "TRACK"
"2019-03-12 06:14:24", "2019-03-12 06:17:49", 5793, "POINT(-25.8946 71.4144)", 37.08, "OCCULTATION"
"2019-03-12 06:14:24", "2019-03-12 06:17:51", 5793, "POINT(36.3753 60.7227)", 37.92, "TRACK"
"2019-03-12 06:14:24", "2019-03-12 06:17:51", 5793, "POINT(-25.9539 71.5278)", 37.92, "OCCULTATION"
"2019-03-12 06:14:24", "2019-03-12 06:17:54", 5793, "POINT(36.4930 60.8105)", 38.77, "TRACK"
"2019-03-12 06:14:24", "2019-03-12 06:17:54", 5793, "POINT(-26.0140 71.6417)", 38.77, "OCCULTATION"
"2019-03-12 06:14:24", "2019-03-12 06:17:56", 5793, "POINT(36.6109 60.8979)", 39.61, "TRACK"
"2019-03-12 06:14:24", "2019-03-12 06:17:56", 5793, "POINT(-26.0745 71.7550)", 39.61, "OCCULTATION"
"2019-03-12 06:14:24", "2019-03-12 06:17:58", 5793, "POINT(36.7301 60.9855)", 40.46, "TRACK"
"2019-03-12 06:14:24", "2019-03-12 06:17:58", 5793, "POINT(-26.1358 71.8688)", 40.46, "OCCULTATION"
"2019-03-12 06:14:24", "2019-03-12 06:18:00", 5793, "POINT(36.8494 61.0726)", 41.31, "TRACK"
"2019-03-12 06:14:24", "2019-03-12 06:18:00", 5793, "POINT(-26.1975 71.9820)", 41.31, "OCCULTATION"
"2019-03-12 06:14:24", "2019-03-12 06:18:02", 5793, "POINT(36.9699 61.1600)", 42.16, "TRACK"
"2019-03-12 06:14:24", "2019-03-12 06:18:02", 5793, "POINT(-26.2600 72.0956)", 42.16, "OCCULTATION"
"2019-03-12 06:14:24", "2019-03-12 06:18:04", 5793, "POINT(37.0906 61.2469)", 43.02, "TRACK"
"2019-03-12 06:14:24", "2019-03-12 06:18:04", 5793, "POINT(-26.3229 72.2086)", 43.02, "OCCULTATION"
"2019-03-12 06:14:24", "2019-03-12 06:18:06", 5793, "POINT(37.2120 61.3336)", 43.87, "TRACK"
"2019-03-12 06:14:24", "2019-03-12 06:18:06", 5793, "POINT(-26.3865 72.3216)", 43.87, "OCCULTATION"
"2019-03-12 06:14:24", "2019-03-12 06:18:09", 5793, "POINT(37.3347 61.4206)", 44.73, "TRACK"
"2019-03-12 06:14:24", "2019-03-12 06:18:09", 5793, "POINT(-26.4510 72.4350)", 44.73, "OCCULTATION"
"2019-03-12 06:14:24", "2019-03-12 06:18:11", 5793, "POINT(37.4576 61.5071)", 45.58, "TRACK"
"2019-03-12 06:14:24", "2019-03-12 06:18:11", 5793, "POINT(-26.5159 72.5478)", 45.58, "OCCULTATION"
"2019-03-12 06:14:24", "2019-03-12 06:18:13", 5793, "POINT(37.5818 61.5938)", 46.44, "TRACK"
"2019-03-12 06:14:24", "2019-03-12 06:18:13", 5793, "POINT(-26.5818 72.6610)", 46.44, "OCCULTATION"
"2019-03-12 06:14:24", "2019-03-12 06:18:15", 5793, "POINT(37.7061 61.6800)", 47.30, "TRACK"
"2019-03-12 06:14:24", "2019-03-12 06:18:15", 5793, "POINT(-26.6480 72.7737)", 47.30, "OCCULTATION"
"2019-03-12 06:14:24", "2019-03-12 06:18:17", 5793, "POINT(37.8317 61.7665)", 48.17, "TRACK"
"2019-03-12 06:14:24", "2019-03-12 06:18:17", 5793, "POINT(-26.7153 72.8868)", 48.17, "OCCULTATION"
"2019-03-12 06:14:24", "2019-03-12 06:18:19", 5793, "POINT(37.9576 61.8524)", 49.03, "TRACK"
"2019-03-12 06:14:24", "2019-03-12 06:18:19", 5793, "POINT(-26.7830 72.9993)", 49.03, "OCCULTATION"
"2019-03-12 06:14:24", "2019-03-12 06:18:21", 5793, "POINT(38.0847 61.9386)", 49.90, "TRACK"
"2019-03-12 06:14:24", "2019-03-12 06:18:21", 5793, "POINT(-26.8518 73.1122)", 49.90, "OCCULTATION"
"2019-03-12 06:14:24", "2019-03-12 06:18:24", 5793, "POINT(38.2120 62.0243)", 50.76, "TRACK"
"2019-03-12 06:14:24", "2019-03-12 06:18:24", 5793, "POINT(-26.9209 73.2246)", 50.76, "OCCULTATION"
"2019-03-12 06:14:24", "2019-03-12 06:18:26", 5793, "POINT(38.3407 62.1102)", 51.63, "TRACK"
"2019-03-12 06:14:24", "2019-03-12 06:18:26", 5793, "POINT(-26.9912 73.3374)", 51.63, "OCCULTATION"
"2019-03-12 06:14:24", "2019-03-12 06:18:28", 5793, "POINT(38.4696 62.1956)", 52.50, "TRACK"
"2019-03-12 06:14:24", "2019-03-12 06:18:28", 5793, "POINT(-27.0619 73.4496)", 52.50, "OCCULTATION"
"2019-03-12 06:14:24", "2019-03-12 06:18:30", 5793, "POINT(38.5998 62.2812)", 53.37, "TRACK"
"2019-03-12 06:14:24", "2019-03-12 06:18:30", 5793, "POINT(-27.1338 73.5623)", 53.37, "OCCULTATION"
"2019-03-12 06:14:24", "2019-03-12 06:18:32", 5793, "POINT(38.7303 62.3663)", 54.24, "TRACK"
"2019-03-12 06:14:24", "2019-03-12 06:18:32", 5793, "POINT(-27.2061 73.6743)", 54.24, "OCCULTATION"
"2019-03-12 06:14:24", "2019-03-12 06:18:34", 5793, "POINT(38.8621 62.4517)", 55.12, "TRACK"
"2019-03-12 06:14:24", "2019-03-12 06:18:34", 5793, "POINT(-27.2796 73.7868)", 55.12, "OCCULTATION"
"2019-03-12 06:14:24", "2019-03-12 06:18:36", 5793, "POINT(38.9965 62.5381)", 56.01, "TRACK"
"2019-03-12 06:14:24", "2019-03-12 06:18:36", 5793, "POINT(-27.3550 73.9008)", 56.01, "OCCULTATION"
"2019-03-12 06:14:24", "2019-03-12 06:18:39", 5793, "POINT(39.1300 62.6231)", 56.89, "TRACK"
"2019-03-12 06:14:24", "2019-03-12 06:18:39", 5793, "POINT(-27.4302 74.0131)", 56.89, "OCCULTATION"
"2019-03-12 06:14:24", "2019-03-12 06:18:41", 5793, "POINT(39.2636 62.7076)", 57.77, "TRACK"
"2019-03-12 06:14:24", "2019-03-12 06:18:41", 5793, "POINT(-27.5060 74.1249)", 57.77, "OCCULTATION"
"2019-03-12 06:14:24", "2019-03-12 06:18:43", 5793, "POINT(39.3987 62.7924)", 58.65, "TRACK"
"2019-03-12 06:14:24", "2019-03-12 06:18:43", 5793, "POINT(-27.5830 74.2371)", 58.65, "OCCULTATION"
"2019-03-12 06:14:24", "2019-03-12 06:18:45", 5793, "POINT(39.5339 62.8766)", 59.53, "TRACK"
"2019-03-12 06:14:24", "2019-03-12 06:18:45", 5793, "POINT(-27.6606 74.3486)", 59.53, "OCCULTATION"
"2019-03-12 06:14:24", "2019-03-12 06:18:47", 5793, "POINT(39.6706 62.9611)", 60.41, "TRACK"
"2019-03-12 06:14:24", "2019-03-12 06:18:47", 5793, "POINT(-27.7394 74.4606)", 60.41, "OCCULTATION"
"2019-03-12 06:14:24", "2019-03-12 06:18:49", 5793, "POINT(39.8075 63.0450)", 61.29, "TRACK"
"2019-03-12 06:14:24", "2019-03-12 06:18:49", 5793, "POINT(-27.8189 74.5721)", 61.29, "OCCULTATION"
"2019-03-12 06:14:24", "2019-03-12 06:18:52", 5793, "POINT(39.9459 63.1292)", 62.18, "TRACK"
"2019-03-12 06:14:24", "2019-03-12 06:18:52", 5793, "POINT(-27.8996 74.6839)", 62.18, "OCCULTATION"
"2019-03-12 06:14:24", "2019-03-12 06:18:54", 5793, "POINT(40.0845 63.2128)", 63.07, "TRACK"
"2019-03-12 06:14:24", "2019-03-12 06:18:54", 5793, "POINT(-27.9811 74.7952)", 63.07, "OCCULTATION"
"2019-03-12 06:14:24", "2019-03-12 06:18:56", 5793, "POINT(40.2246 63.2966)", 63.96, "TRACK"
"2019-03-12 06:14:24", "2019-03-12 06:18:56", 5793, "POINT(-28.0639 74.9069)", 63.96, "OCCULTATION"
"2019-03-12 06:14:24", "2019-03-12 06:18:58", 5793, "POINT(40.3649 63.3799)", 64.84, "TRACK"
"2019-03-12 06:14:24", "2019-03-12 06:18:58", 5793, "POINT(-28.1473 75.0180)", 64.84, "OCCULTATION"
"2019-03-12 06:14:24", "2019-03-12 06:19:00", 5793, "POINT(40.5067 63.4634)", 65.73, "TRACK"
"2019-03-12 06:14:24", "2019-03-12 06:19:00", 5793, "POINT(-28.2322 75.1295)", 65.73, "OCCULTATION"
"2019-03-12 06:14:24", "2019-03-12 06:19:02", 5793, "POINT(40.6488 63.5464)", 66.62, "TRACK"
"2019-03-12 06:14:24", "2019-03-12 06:19:02", 5793, "POINT(-28.3178 75.2404)", 66.62, "OCCULTATION"
"2019-03-12 06:14:24", "2019-03-12 06:19:04", 5793, "POINT(40.7863 63.6261)", 67.48, "TRACK"
"2019-03-12 06:14:24", "2019-03-12 06:19:04", 5793, "POINT(-28.4012 75.3471)", 67.48, "OCCULTATION"
"2019-03-12 06:14:24", "2019-03-12 06:19:06", 5793, "POINT(40.9307 63.7091)", 68.38, "TRACK"
"2019-03-12 06:14:24", "2019-03-12 06:19:06", 5793, "POINT(-28.4894 75.4584)", 68.38, "OCCULTATION"
"2019-03-12 06:14:24", "2019-03-12 06:19:09", 5793, "POINT(41.0754 63.7916)", 69.27, "TRACK"
"2019-03-12 06:14:24", "2019-03-12 06:19:09", 5793, "POINT(-28.5783 75.5691)", 69.27, "OCCULTATION"
"2019-03-12 06:14:24", "2019-03-12 06:19:11", 5793, "POINT(41.2216 63.8743)", 70.17, "TRACK"
"2019-03-12 06:14:24", "2019-03-12 06:19:11", 5793, "POINT(-28.6689 75.6802)", 70.17, "OCCULTATION"
"2019-03-12 06:14:24", "2019-03-12 06:19:13", 5793, "POINT(41.3681 63.9565)", 71.06, "TRACK"
"2019-03-12 06:14:24", "2019-03-12 06:19:13", 5793, "POINT(-28.7602 75.7907)", 71.06, "OCCULTATION"
"2019-03-12 06:14:24", "2019-03-12 06:19:15", 5793, "POINT(41.5161 64.0389)", 71.96, "TRACK"
"2019-03-12 06:14:24", "2019-03-12 06:19:15", 5793, "POINT(-28.8531 75.9016)", 71.96, "OCCULTATION"
"2019-03-12 06:14:24", "2019-03-12 06:19:17", 5793, "POINT(41.6644 64.1207)", 72.86, "TRACK"
"2019-03-12 06:14:24", "2019-03-12 06:19:17", 5793, "POINT(-28.9469 76.0119)", 72.86, "OCCULTATION"
"2019-03-12 06:14:24", "2019-03-12 06:19:19", 5793, "POINT(41.8143 64.2027)", 73.76, "TRACK"
"2019-03-12 06:14:24", "2019-03-12 06:19:19", 5793, "POINT(-29.0424 76.1227)", 73.76, "OCCULTATION"
"2019-03-12 06:14:24", "2019-03-12 06:19:21", 5793, "POINT(41.9644 64.2841)", 74.66, "TRACK"
"2019-03-12 06:14:24", "2019-03-12 06:19:21", 5793, "POINT(-29.1388 76.2328)", 74.66, "OCCULTATION"
"2019-03-12 06:14:24", "2019-03-12 06:19:24", 5793, "POINT(42.1161 64.3658)", 75.57, "TRACK"
"2019-03-12 06:14:24", "2019-03-12 06:19:24", 5793, "POINT(-29.2370 76.3434)", 75.57, "OCCULTATION"
"2019-03-12 06:14:24", "2019-03-12 06:19:26", 5793, "POINT(42.2681 64.4469)", 76.47, "TRACK"
"2019-03-12 06:14:24", "2019-03-12 06:19:26", 5793, "POINT(-29.3361 76.4534)", 76.47, "OCCULTATION"
"2019-03-12 06:14:24", "2019-03-12 06:19:28", 5793, "POINT(42.4218 64.5282)", 77.38, "TRACK"
"2019-03-12 06:14:24", "2019-03-12 06:19:28", 5793, "POINT(-29.4371 76.5637)", 77.38, "OCCULTATION"
"2019-03-12 06:14:24", "2019-03-12 06:19:30", 5793, "POINT(42.5757 64.6090)", 78.28, "TRACK"
"2019-03-12 06:14:24", "2019-03-12 06:19:30", 5793, "POINT(-29.5390 76.6735)", 78.28, "OCCULTATION"
"2019-03-12 06:14:24", "2019-03-12 06:19:32", 5793, "POINT(42.7313 64.6899)", 79.19, "TRACK"
"2019-03-12 06:14:24", "2019-03-12 06:19:32", 5793, "POINT(-29.6430 76.7837)", 79.19, "OCCULTATION"
"2019-03-12 06:14:24", "2019-03-12 06:19:34", 5793, "POINT(42.8872 64.7703)", 80.10, "TRACK"
"2019-03-12 06:14:24", "2019-03-12 06:19:34", 5793, "POINT(-29.7479 76.8933)", 80.10, "OCCULTATION"
"2019-03-12 06:14:24", "2019-03-12 06:19:36", 5793, "POINT(43.0418 64.8494)", 80.99, "TRACK"
"2019-03-12 06:14:24", "2019-03-12 06:19:36", 5793, "POINT(-29.8529 77.0013)", 80.99, "OCCULTATION"
"2019-03-12 06:14:24", "2019-03-12 06:19:39", 5793, "POINT(43.1996 64.9294)", 81.90, "TRACK"
"2019-03-12 06:14:24", "2019-03-12 06:19:39", 5793, "POINT(-29.9610 77.1107)", 81.90, "OCCULTATION"
"2019-03-12 06:14:24", "2019-03-12 06:19:41", 5793, "POINT(43.3591 65.0096)", 82.82, "TRACK"
"2019-03-12 06:14:24", "2019-03-12 06:19:41", 5793, "POINT(-30.0711 77.2205)", 82.82, "OCCULTATION"
"2019-03-12 06:14:24", "2019-03-12 06:19:43", 5793, "POINT(43.5219 65.0907)", 83.74, "TRACK"
"2019-03-12 06:14:24", "2019-03-12 06:19:43", 5793, "POINT(-30.1846 77.3318)", 83.74, "OCCULTATION"
"2019-03-12 06:14:24", "2019-03-12 06:19:45", 5793, "POINT(43.6827 65.1701)", 84.66, "TRACK"
"2019-03-12 06:14:24", "2019-03-12 06:19:45", 5793, "POINT(-30.2977 77.4409)", 84.66, "OCCULTATION"
"2019-03-12 06:14:24", "2019-03-12 06:19:47", 5793, "POINT(43.8430 65.2486)", 85.56, "TRACK"
"2019-03-12 06:14:24", "2019-03-12 06:19:47", 5793, "POINT(-30.4114 77.5489)", 85.56, "OCCULTATION"
"2019-03-12 06:14:24", "2019-03-12 06:19:49", 5793, "POINT(44.0066 65.3280)", 86.48, "TRACK"
"2019-03-12 06:14:24", "2019-03-12 06:19:49", 5793, "POINT(-30.5286 77.6583)", 86.48, "OCCULTATION"
"2019-03-12 06:14:24", "2019-03-12 06:19:51", 5793, "POINT(44.1705 65.4068)", 87.39, "TRACK"
"2019-03-12 06:14:24", "2019-03-12 06:19:51", 5793, "POINT(-30.6470 77.7671)", 87.39, "OCCULTATION"
"2019-03-12 06:14:24", "2019-03-12 06:19:54", 5793, "POINT(44.3362 65.4859)", 88.31, "TRACK"
"2019-03-12 06:14:24", "2019-03-12 06:19:54", 5793, "POINT(-30.7679 77.8764)", 88.31, "OCCULTATION"
"2019-03-12 06:14:24", "2019-03-12 06:19:56", 5793, "POINT(44.5021 65.5643)", 89.23, "TRACK"
"2019-03-12 06:14:24", "2019-03-12 06:19:56", 5793, "POINT(-30.8902 77.9850)", 89.23, "OCCULTATION"
"2019-03-12 06:14:24", "2019-03-12 06:19:58", 5793, "POINT(44.6699 65.6429)", 90.15, "TRACK"
"2019-03-12 06:14:24", "2019-03-12 06:19:58", 5793, "POINT(-31.0150 78.0940)", 90.15, "OCCULTATION"
"2019-03-12 06:14:24", "2019-03-12 06:20:00", 5793, "POINT(44.8324 65.7184)", 91.04, "TRACK"
"2019-03-12 06:14:24", "2019-03-12 06:20:00", 5793, "POINT(-31.1371 78.1988)", 91.04, "OCCULTATION"
"2019-03-12 06:14:24", "2019-03-12 06:20:02", 5793, "POINT(45.0015 65.7962)", 91.96, "TRACK"
"2019-03-12 06:14:24", "2019-03-12 06:20:02", 5793, "POINT(-31.2654 78.3071)", 91.96, "OCCULTATION"
"2019-03-12 06:14:24", "2019-03-12 06:20:04", 5793, "POINT(45.1725 65.8742)", 92.88, "TRACK"
"2019-03-12 06:14:24", "2019-03-12 06:20:04", 5793, "POINT(-31.3965 78.4158)", 92.88, "OCCULTATION"
"2019-03-12 06:14:24", "2019-03-12 06:20:06", 5793, "POINT(45.3437 65.9516)", 93.80, "TRACK"
"2019-03-12 06:14:24", "2019-03-12 06:20:06", 5793, "POINT(-31.5291 78.5239)", 93.80, "OCCULTATION"
"2019-03-12 06:14:24", "2019-03-12 06:20:09", 5793, "POINT(45.5169 66.0291)", 94.73, "TRACK"
"2019-03-12 06:14:24", "2019-03-12 06:20:09", 5793, "POINT(-31.6647 78.6324)", 94.73, "OCCULTATION"
"2019-03-12 06:14:24", "2019-03-12 06:20:11", 5793, "POINT(45.6887 66.1054)", 95.65, "TRACK"
"2019-03-12 06:14:24", "2019-03-12 06:20:11", 5793, "POINT(-31.8007 78.7392)", 95.65, "OCCULTATION"
"2019-03-12 06:14:24", "2019-03-12 06:20:13", 5793, "POINT(45.8640 66.1825)", 96.57, "TRACK"
"2019-03-12 06:14:24", "2019-03-12 06:20:13", 5793, "POINT(-31.9409 78.8474)", 96.57, "OCCULTATION"
"2019-03-12 06:14:24", "2019-03-12 06:20:15", 5793, "POINT(46.0396 66.2590)", 97.50, "TRACK"
"2019-03-12 06:14:24", "2019-03-12 06:20:15", 5793, "POINT(-32.0830 78.9551)", 97.50, "OCCULTATION"
"2019-03-12 06:14:24", "2019-03-12 06:20:17", 5793, "POINT(46.2172 66.3357)", 98.43, "TRACK"
"2019-03-12 06:14:24", "2019-03-12 06:20:17", 5793, "POINT(-32.2283 79.0631)", 98.43, "OCCULTATION"
"2019-03-12 06:14:24", "2019-03-12 06:20:19", 5793, "POINT(46.3951 66.4118)", 99.36, "TRACK"
"2019-03-12 06:14:24", "2019-03-12 06:20:19", 5793, "POINT(-32.3755 79.1705)", 99.36, "OCCULTATION"
"2019-03-12 06:14:24", "2019-03-12 06:20:21", 5793, "POINT(46.5750 66.4880)", 100.29, "TRACK"
"2019-03-12 06:14:24", "2019-03-12 06:20:21", 5793, "POINT(-32.5261 79.2782)", 100.29, "OCCULTATION"
"2019-03-12 06:14:24", "2019-03-12 06:20:24", 5793, "POINT(46.7551 66.5636)", 101.22, "TRACK"
"2019-03-12 06:14:24", "2019-03-12 06:20:24", 5793, "POINT(-32.6787 79.3854)", 101.22, "OCCULTATION"
"2019-03-12 06:14:24", "2019-03-12 06:20:26", 5793, "POINT(46.9373 66.6393)", 102.15, "TRACK"
"2019-03-12 06:14:24", "2019-03-12 06:20:26", 5793, "POINT(-32.8349 79.4929)", 102.15, "OCCULTATION"
"2019-03-12 06:14:24", "2019-03-12 06:20:28", 5793, "POINT(47.1197 66.7145)", 103.08, "TRACK"
"2019-03-12 06:14:24", "2019-03-12 06:20:28", 5793, "POINT(-32.9933 79.5998)", 103.08, "OCCULTATION"
"2019-03-12 06:14:24", "2019-03-12 06:20:30", 5793, "POINT(47.3042 66.7898)", 104.02, "TRACK"
"2019-03-12 06:14:24", "2019-03-12 06:20:30", 5793, "POINT(-33.1554 79.7070)", 104.02, "OCCULTATION"
"2019-03-12 06:14:24", "2019-03-12 06:20:32", 5793, "POINT(47.4890 66.8645)", 104.95, "TRACK"
"2019-03-12 06:14:24", "2019-03-12 06:20:32", 5793, "POINT(-33.3199 79.8137)", 104.95, "OCCULTATION"
"2019-03-12 06:14:24", "2019-03-12 06:20:34", 5793, "POINT(47.6759 66.9393)", 105.89, "TRACK"
"2019-03-12 06:14:24", "2019-03-12 06:20:34", 5793, "POINT(-33.4883 79.9207)", 105.89, "OCCULTATION"
"2019-03-12 06:14:24", "2019-03-12 06:20:36", 5793, "POINT(47.8630 67.0135)", 106.82, "TRACK"
"2019-03-12 06:14:24", "2019-03-12 06:20:36", 5793, "POINT(-33.6592 80.0270)", 106.82, "OCCULTATION"
"2019-03-12 06:14:24", "2019-03-12 06:20:39", 5793, "POINT(48.0523 67.0878)", 107.76, "TRACK"
"2019-03-12 06:14:24", "2019-03-12 06:20:39", 5793, "POINT(-33.8344 80.1338)", 107.76, "OCCULTATION"
"2019-03-12 06:14:24", "2019-03-12 06:20:41", 5793, "POINT(48.2418 67.1615)", 108.69, "TRACK"
"2019-03-12 06:14:24", "2019-03-12 06:20:41", 5793, "POINT(-34.0122 80.2399)", 108.69, "OCCULTATION"
"2019-03-12 06:14:24", "2019-03-12 06:20:43", 5793, "POINT(48.4335 67.2353)", 109.63, "TRACK"
"2019-03-12 06:14:24", "2019-03-12 06:20:43", 5793, "POINT(-34.1944 80.3463)", 109.63, "OCCULTATION"
"2019-03-12 06:14:24", "2019-03-12 06:20:45", 5793, "POINT(48.6264 67.3089)", 110.57, "TRACK"
"2019-03-12 06:14:24", "2019-03-12 06:20:45", 5793, "POINT(-34.3804 80.4526)", 110.57, "OCCULTATION"
"2019-03-12 06:14:24", "2019-03-12 06:20:47", 5793, "POINT(48.8178 67.3811)", 111.50, "TRACK"
"2019-03-12 06:14:24", "2019-03-12 06:20:47", 5793, "POINT(-34.5676 80.5573)", 111.50, "OCCULTATION"
"2019-03-12 06:14:24", "2019-03-12 06:20:49", 5793, "POINT(49.0123 67.4538)", 112.44, "TRACK"
"2019-03-12 06:14:24", "2019-03-12 06:20:49", 5793, "POINT(-34.7605 80.6628)", 112.44, "OCCULTATION"
"2019-03-12 06:14:24", "2019-03-12 06:20:51", 5793, "POINT(49.2079 67.5263)", 113.38, "TRACK"
"2019-03-12 06:14:24", "2019-03-12 06:20:51", 5793, "POINT(-34.9574 80.7681)", 113.38, "OCCULTATION"
"2019-03-12 06:14:24", "2019-03-12 06:20:54", 5793, "POINT(49.4058 67.5988)", 114.32, "TRACK"
"2019-03-12 06:14:24", "2019-03-12 06:20:54", 5793, "POINT(-35.1595 80.8738)", 114.32, "OCCULTATION"
"2019-03-12 06:14:24", "2019-03-12 06:20:56", 5793, "POINT(49.6031 67.6704)", 115.25, "TRACK"
"2019-03-12 06:14:24", "2019-03-12 06:20:56", 5793, "POINT(-35.3640 80.9783)", 115.25, "OCCULTATION"
"2019-03-12 06:14:24", "2019-03-12 06:20:58", 5793, "POINT(49.8034 67.7424)", 116.20, "TRACK"
"2019-03-12 06:14:24", "2019-03-12 06:20:58", 5793, "POINT(-35.5750 81.0837)", 116.20, "OCCULTATION"
"2019-03-12 06:14:24", "2019-03-12 06:21:00", 5793, "POINT(50.0042 67.8138)", 117.14, "TRACK"
"2019-03-12 06:14:24", "2019-03-12 06:21:00", 5793, "POINT(-35.7896 81.1884)", 117.14, "OCCULTATION"
"2019-03-12 06:14:24", "2019-03-12 06:21:02", 5793, "POINT(50.2062 67.8849)", 118.08, "TRACK"
"2019-03-12 06:14:24", "2019-03-12 06:21:02", 5793, "POINT(-36.0090 81.2929)", 118.08, "OCCULTATION"
"2019-03-12 06:14:24", "2019-03-12 06:21:04", 5793, "POINT(50.4104 67.9560)", 119.03, "TRACK"
"2019-03-12 06:14:24", "2019-03-12 06:21:04", 5793, "POINT(-36.2345 81.3978)", 119.03, "OCCULTATION"
"2019-03-12 06:14:24", "2019-03-12 06:21:06", 5793, "POINT(50.6150 68.0266)", 119.97, "TRACK"
"2019-03-12 06:14:24", "2019-03-12 06:21:06", 5793, "POINT(-36.4641 81.5019)", 119.97, "OCCULTATION"
"2019-03-12 06:14:24", "2019-03-12 06:21:09", 5793, "POINT(50.8218 68.0972)", 120.92, "TRACK"
"2019-03-12 06:14:24", "2019-03-12 06:21:09", 5793, "POINT(-36.7000 81.6064)", 120.92, "OCCULTATION"
"2019-03-12 06:14:24", "2019-03-12 06:21:11", 5793, "POINT(51.0290 68.1672)", 121.86, "TRACK"
"2019-03-12 06:14:24", "2019-03-12 06:21:11", 5793, "POINT(-36.9405 81.7102)", 121.86, "OCCULTATION"
"2019-03-12 06:14:24", "2019-03-12 06:21:13", 5793, "POINT(51.2385 68.2372)", 122.81, "TRACK"
"2019-03-12 06:14:24", "2019-03-12 06:21:13", 5793, "POINT(-37.1877 81.8143)", 122.81, "OCCULTATION"
"2019-03-12 06:14:24", "2019-03-12 06:21:15", 5793, "POINT(51.4493 68.3070)", 123.76, "TRACK"
"2019-03-12 06:14:24", "2019-03-12 06:21:15", 5793, "POINT(-37.4410 81.9182)", 123.76, "OCCULTATION"
"2019-03-12 06:14:24", "2019-03-12 06:21:17", 5793, "POINT(51.6604 68.3761)", 124.70, "TRACK"
"2019-03-12 06:14:24", "2019-03-12 06:21:17", 5793, "POINT(-37.6992 82.0214)", 124.70, "OCCULTATION"
"2019-03-12 06:14:24", "2019-03-12 06:21:19", 5793, "POINT(51.8739 68.4453)", 125.65, "TRACK"
"2019-03-12 06:14:24", "2019-03-12 06:21:19", 5793, "POINT(-37.9650 82.1249)", 125.65, "OCCULTATION"
"2019-03-12 06:14:24", "2019-03-12 06:21:21", 5793, "POINT(52.0877 68.5138)", 126.60, "TRACK"
"2019-03-12 06:14:24", "2019-03-12 06:21:21", 5793, "POINT(-38.2362 82.2277)", 126.60, "OCCULTATION"
"2019-03-12 06:14:24", "2019-03-12 06:21:24", 5793, "POINT(52.3039 68.5824)", 127.55, "TRACK"
"2019-03-12 06:14:24", "2019-03-12 06:21:24", 5793, "POINT(-38.5156 82.3307)", 127.55, "OCCULTATION"
"2019-03-12 06:14:24", "2019-03-12 06:21:26", 5793, "POINT(52.5205 68.6503)", 128.49, "TRACK"
"2019-03-12 06:14:24", "2019-03-12 06:21:26", 5793, "POINT(-38.8008 82.4330)", 128.49, "OCCULTATION"
"2019-03-12 06:14:24", "2019-03-12 06:21:28", 5793, "POINT(52.7394 68.7183)", 129.44, "TRACK"
"2019-03-12 06:14:24", "2019-03-12 06:21:28", 5793, "POINT(-39.0948 82.5356)", 129.44, "OCCULTATION"
"2019-03-12 06:14:24", "2019-03-12 06:21:30", 5793, "POINT(52.9587 68.7856)", 130.39, "TRACK"
"2019-03-12 06:14:24", "2019-03-12 06:21:30", 5793, "POINT(-39.3950 82.6375)", 130.39, "OCCULTATION"
"2019-03-12 06:14:24", "2019-03-12 06:21:32", 5793, "POINT(53.1804 68.8530)", 131.34, "TRACK"
"2019-03-12 06:14:24", "2019-03-12 06:21:32", 5793, "POINT(-39.7047 82.7395)", 131.34, "OCCULTATION"
"2019-03-12 06:14:24", "2019-03-12 06:21:34", 5793, "POINT(53.4025 68.9197)", 132.29, "TRACK"
"2019-03-12 06:14:24", "2019-03-12 06:21:34", 5793, "POINT(-40.0213 82.8409)", 132.29, "OCCULTATION"
"2019-03-12 06:14:24", "2019-03-12 06:21:36", 5793, "POINT(53.6270 68.9864)", 133.24, "TRACK"
"2019-03-12 06:14:24", "2019-03-12 06:21:36", 5793, "POINT(-40.3480 82.9424)", 133.24, "OCCULTATION"
"2019-03-12 06:14:24", "2019-03-12 06:21:39", 5793, "POINT(53.8518 69.0524)", 134.19, "TRACK"
"2019-03-12 06:14:24", "2019-03-12 06:21:39", 5793, "POINT(-40.6822 83.0433)", 134.19, "OCCULTATION"
"2019-03-12 06:14:24", "2019-03-12 06:21:41", 5793, "POINT(54.0791 69.1185)", 135.14, "TRACK"
"2019-03-12 06:14:24", "2019-03-12 06:21:41", 5793, "POINT(-41.0273 83.1442)", 135.14, "OCCULTATION"
"2019-03-12 06:14:24", "2019-03-12 06:21:43", 5793, "POINT(54.3068 69.1839)", 136.09, "TRACK"
"2019-03-12 06:14:24", "2019-03-12 06:21:43", 5793, "POINT(-41.3806 83.2445)", 136.09, "OCCULTATION"
"2019-03-12 06:14:24", "2019-03-12 06:21:45", 5793, "POINT(54.5370 69.2493)", 137.04, "TRACK"
"2019-03-12 06:14:24", "2019-03-12 06:21:45", 5793, "POINT(-41.7458 83.3449)", 137.04, "OCCULTATION"
"2019-03-12 06:14:24", "2019-03-12 06:21:47", 5793, "POINT(54.7675 69.3141)", 137.99, "TRACK"
"2019-03-12 06:14:24", "2019-03-12 06:21:47", 5793, "POINT(-42.1198 83.4445)", 137.99, "OCCULTATION"
"2019-03-12 06:14:24", "2019-03-12 06:21:49", 5793, "POINT(55.0005 69.3788)", 138.95, "TRACK"
"2019-03-12 06:14:24", "2019-03-12 06:21:49", 5793, "POINT(-42.5067 83.5442)", 138.95, "OCCULTATION"
"2019-03-12 06:14:24", "2019-03-12 06:21:51", 5793, "POINT(55.2339 69.4429)", 139.90, "TRACK"
"2019-03-12 06:14:24", "2019-03-12 06:21:51", 5793, "POINT(-42.9033 83.6432)", 139.90, "OCCULTATION"
"2019-03-12 06:14:24", "2019-03-12 06:21:54", 5793, "POINT(55.4698 69.5070)", 140.85, "TRACK"
"2019-03-12 06:14:24", "2019-03-12 06:21:54", 5793, "POINT(-43.3138 83.7423)", 140.85, "OCCULTATION"
"2019-03-12 06:14:24", "2019-03-12 06:21:56", 5793, "POINT(55.7028 69.5695)", 141.79, "TRACK"
"2019-03-12 06:14:24", "2019-03-12 06:21:56", 5793, "POINT(-43.7289 83.8391)", 141.79, "OCCULTATION"
"2019-03-12 06:14:24", "2019-03-12 06:21:58", 5793, "POINT(55.9405 69.6326)", 142.74, "TRACK"
"2019-03-12 06:14:24", "2019-03-12 06:21:58", 5793, "POINT(-44.1629 83.9370)", 142.74, "OCCULTATION"
"2019-03-12 06:14:24", "2019-03-12 06:22:00", 5793, "POINT(56.1807 69.6956)", 143.69, "TRACK"
"2019-03-12 06:14:24", "2019-03-12 06:22:00", 5793, "POINT(-44.6127 84.0349)", 143.69, "OCCULTATION"
"2019-03-12 06:14:24", "2019-03-12 06:22:02", 5793, "POINT(56.4214 69.7579)", 144.64, "TRACK"
"2019-03-12 06:14:24", "2019-03-12 06:22:02", 5793, "POINT(-45.0747 84.1319)", 144.64, "OCCULTATION"
"2019-03-12 06:14:24", "2019-03-12 06:22:04", 5793, "POINT(56.6646 69.8202)", 145.59, "TRACK"
"2019-03-12 06:14:24", "2019-03-12 06:22:04", 5793, "POINT(-45.5538 84.2290)", 145.59, "OCCULTATION"
"2019-03-12 06:14:24", "2019-03-12 06:22:06", 5793, "POINT(56.9082 69.8819)", 146.54, "TRACK"
"2019-03-12 06:14:24", "2019-03-12 06:22:06", 5793, "POINT(-46.0464 84.3252)", 146.54, "OCCULTATION"
"2019-03-12 06:14:24", "2019-03-12 06:22:09", 5793, "POINT(57.1544 69.9435)", 147.50, "TRACK"
"2019-03-12 06:14:24", "2019-03-12 06:22:09", 5793, "POINT(-46.5577 84.4213)", 147.50, "OCCULTATION"
"2019-03-12 06:14:24", "2019-03-12 06:22:11", 5793, "POINT(57.4009 70.0044)", 148.45, "TRACK"
"2019-03-12 06:14:24", "2019-03-12 06:22:11", 5793, "POINT(-47.0838 84.5165)", 148.45, "OCCULTATION"
"2019-03-12 06:14:24", "2019-03-12 06:22:13", 5793, "POINT(57.6501 70.0652)", 149.40, "TRACK"
"2019-03-12 06:14:24", "2019-03-12 06:22:13", 5793, "POINT(-47.6303 84.6117)", 149.40, "OCCULTATION"
"2019-03-12 06:14:24", "2019-03-12 06:22:15", 5793, "POINT(57.8996 70.1254)", 150.35, "TRACK"
"2019-03-12 06:14:24", "2019-03-12 06:22:15", 5793, "POINT(-48.1931 84.7058)", 150.35, "OCCULTATION"
"2019-03-12 06:14:24", "2019-03-12 06:22:17", 5793, "POINT(58.1507 70.1852)", 151.30, "TRACK"
"2019-03-12 06:14:24", "2019-03-12 06:22:17", 5793, "POINT(-48.7755 84.7994)", 151.30, "OCCULTATION"
"2019-03-12 06:14:24", "2019-03-12 06:22:19", 5793, "POINT(58.4020 70.2443)", 152.25, "TRACK"
"2019-03-12 06:14:24", "2019-03-12 06:22:19", 5793, "POINT(-49.3757 84.8920)", 152.25, "OCCULTATION"
"2019-03-12 06:14:24", "2019-03-12 06:22:21", 5793, "POINT(58.6572 70.3036)", 153.20, "TRACK"
"2019-03-12 06:14:24", "2019-03-12 06:22:21", 5793, "POINT(-50.0032 84.9849)", 153.20, "OCCULTATION"
"2019-03-12 06:14:24", "2019-03-12 06:22:24", 5793, "POINT(58.9127 70.3623)", 154.15, "TRACK"
"2019-03-12 06:14:24", "2019-03-12 06:22:24", 5793, "POINT(-50.6505 85.0766)", 154.15, "OCCULTATION"
"2019-03-12 06:14:24", "2019-03-12 06:22:26", 5793, "POINT(59.1710 70.4208)", 155.11, "TRACK"
"2019-03-12 06:14:24", "2019-03-12 06:22:26", 5793, "POINT(-51.3247 85.1681)", 155.11, "OCCULTATION"
"2019-03-12 06:14:24", "2019-03-12 06:22:28", 5793, "POINT(59.4296 70.4787)", 156.06, "TRACK"
"2019-03-12 06:14:24", "2019-03-12 06:22:28", 5793, "POINT(-52.0208 85.2585)", 156.06, "OCCULTATION"
"2019-03-12 06:14:24", "2019-03-12 06:22:30", 5793, "POINT(59.6835 70.5348)", 156.99, "TRACK"
"2019-03-12 06:14:24", "2019-03-12 06:22:30", 5793, "POINT(-52.7258 85.3460)", 156.99, "OCCULTATION"
"2019-03-12 06:14:24", "2019-03-12 06:22:32", 5793, "POINT(59.9463 70.5922)", 157.94, "TRACK"
"2019-03-12 06:14:24", "2019-03-12 06:22:32", 5793, "POINT(-53.4784 85.4352)", 157.94, "OCCULTATION"
"2019-03-12 06:14:24", "2019-03-12 06:22:34", 5793, "POINT(60.2094 70.6489)", 158.89, "TRACK"
"2019-03-12 06:14:24", "2019-03-12 06:22:34", 5793, "POINT(-54.2563 85.5232)", 158.89, "OCCULTATION"
"2019-03-12 06:14:24", "2019-03-12 06:22:36", 5793, "POINT(60.4753 70.7054)", 159.84, "TRACK"
"2019-03-12 06:14:24", "2019-03-12 06:22:36", 5793, "POINT(-55.0683 85.6107)", 159.84, "OCCULTATION"
"2019-03-12 06:14:24", "2019-03-12 06:22:39", 5793, "POINT(60.7427 70.7615)", 160.80, "TRACK"
"2019-03-12 06:14:24", "2019-03-12 06:22:39", 5793, "POINT(-55.9123 85.6973)", 160.80, "OCCULTATION"
"2019-03-12 06:14:24", "2019-03-12 06:22:41", 5793, "POINT(61.0104 70.8169)", 161.75, "TRACK"
"2019-03-12 06:14:24", "2019-03-12 06:22:41", 5793, "POINT(-56.7857 85.7825)", 161.75, "OCCULTATION"
"2019-03-12 06:14:24", "2019-03-12 06:22:43", 5793, "POINT(61.2809 70.8722)", 162.70, "TRACK"
"2019-03-12 06:14:24", "2019-03-12 06:22:43", 5793, "POINT(-57.6983 85.8670)", 162.70, "OCCULTATION"
"2019-03-12 06:14:24", "2019-03-12 06:22:45", 5793, "POINT(61.5516 70.9268)", 163.65, "TRACK"
"2019-03-12 06:14:24", "2019-03-12 06:22:45", 5793, "POINT(-58.6433 85.9500)", 163.65, "OCCULTATION"
"2019-03-12 06:14:24", "2019-03-12 06:22:47", 5793, "POINT(61.8252 70.9813)", 164.60, "TRACK"
"2019-03-12 06:14:24", "2019-03-12 06:22:47", 5793, "POINT(-59.6314 86.0323)", 164.60, "OCCULTATION"
"2019-03-12 06:14:24", "2019-03-12 06:22:49", 5793, "POINT(62.0990 71.0350)", 165.55, "TRACK"
"2019-03-12 06:14:24", "2019-03-12 06:22:49", 5793, "POINT(-60.6551 86.1129)", 165.55, "OCCULTATION"
"2019-03-12 06:14:24", "2019-03-12 06:22:51", 5793, "POINT(62.3757 71.0886)", 166.51, "TRACK"
"2019-03-12 06:14:24", "2019-03-12 06:22:51", 5793, "POINT(-61.7259 86.1926)", 166.51, "OCCULTATION"
"2019-03-12 06:14:24", "2019-03-12 06:22:54", 5793, "POINT(62.6526 71.1415)", 167.46, "TRACK"
"2019-03-12 06:14:24", "2019-03-12 06:22:54", 5793, "POINT(-62.8358 86.2705)", 167.46, "OCCULTATION"
"2019-03-12 06:14:24", "2019-03-12 06:22:56", 5793, "POINT(62.9324 71.1941)", 168.41, "TRACK"
"2019-03-12 06:14:24", "2019-03-12 06:22:56", 5793, "POINT(-63.9970 86.3473)", 168.41, "OCCULTATION"
"2019-03-12 06:14:24", "2019-03-12 06:22:58", 5793, "POINT(63.2124 71.2461)", 169.36, "TRACK"
"2019-03-12 06:14:24", "2019-03-12 06:22:58", 5793, "POINT(-65.2008 86.4222)", 169.36, "OCCULTATION"
"2019-03-12 06:14:24", "2019-03-12 06:23:00", 5793, "POINT(63.4939 71.2977)", 170.31, "TRACK"
"2019-03-12 06:14:24", "2019-03-12 06:23:00", 5793, "POINT(-66.4544 86.4954)", 170.31, "OCCULTATION"
"2019-03-12 06:14:24", "2019-03-12 06:23:02", 5793, "POINT(63.7783 71.3490)", 171.26, "TRACK"
"2019-03-12 06:14:24", "2019-03-12 06:23:02", 5793, "POINT(-67.7659 86.5672)", 171.26, "OCCULTATION"
"2019-03-12 06:14:24", "2019-03-12 06:23:04", 5793, "POINT(64.0629 71.3997)", 172.21, "TRACK"
"2019-03-12 06:14:24", "2019-03-12 06:23:04", 5793, "POINT(-69.1251 86.6368)", 172.21, "OCCULTATION"
"2019-03-12 06:14:24", "2019-03-12 06:23:06", 5793, "POINT(64.3504 71.4501)", 173.16, "TRACK"
"2019-03-12 06:14:24", "2019-03-12 06:23:06", 5793, "POINT(-70.5464 86.7047)", 173.16, "OCCULTATION"
"2019-03-12 06:14:24", "2019-03-12 06:23:09", 5793, "POINT(64.6381 71.4998)", 174.11, "TRACK"
"2019-03-12 06:14:24", "2019-03-12 06:23:09", 5793, "POINT(-72.0184 86.7702)", 174.11, "OCCULTATION"
"2019-03-12 06:14:24", "2019-03-12 06:23:11", 5793, "POINT(64.9273 71.5491)", 175.05, "TRACK"
"2019-03-12 06:14:24", "2019-03-12 06:23:11", 5793, "POINT(-73.5491 86.8335)", 175.05, "OCCULTATION"
"2019-03-12 06:14:24", "2019-03-12 06:23:13", 5793, "POINT(65.2181 71.5979)", 176.00, "TRACK"
"2019-03-12 06:14:24", "2019-03-12 06:23:13", 5793, "POINT(-75.1398 86.8944)", 176.00, "OCCULTATION"
"2019-03-12 06:14:24", "2019-03-12 06:23:15", 5793, "POINT(65.5117 71.6464)", 176.95, "TRACK"
"2019-03-12 06:14:24", "2019-03-12 06:23:15", 5793, "POINT(-76.7994 86.9531)", 176.95, "OCCULTATION"
"2019-03-12 06:14:24", "2019-03-12 06:23:17", 5793, "POINT(65.8055 71.6942)", 177.90, "TRACK"
"2019-03-12 06:14:24", "2019-03-12 06:23:17", 5793, "POINT(-78.5133 87.0089)", 177.90, "OCCULTATION"
"2019-03-12 06:14:24", "2019-03-12 06:23:19", 5793, "POINT(66.1022 71.7418)", 178.85, "TRACK"
"2019-03-12 06:14:24", "2019-03-12 06:23:19", 5793, "POINT(-80.2978 87.0622)", 178.85, "OCCULTATION"
"2019-03-12 06:14:24", "2019-03-12 06:23:21", 5793, "POINT(66.3991 71.7887)", 179.80, "TRACK"
"2019-03-12 06:14:24", "2019-03-12 06:23:21", 5793, "POINT(-82.1364 87.1123)", 179.80, "OCCULTATION"
"2019-03-12 06:14:24", "2019-03-12 06:23:24", 5793, "POINT(66.6988 71.8353)", 180.75, "TRACK"
"2019-03-12 06:14:24", "2019-03-12 06:23:24", 5793, "POINT(-84.0455 87.1596)", 180.75, "OCCULTATION"
"2019-03-12 06:14:24", "2019-03-12 06:23:26", 5793, "POINT(66.9987 71.8812)", 181.69, "TRACK"
"2019-03-12 06:14:24", "2019-03-12 06:23:26", 5793, "POINT(-86.0062 87.2034)", 181.69, "OCCULTATION"
"2019-03-12 06:14:24", "2019-03-12 06:23:28", 5793, "POINT(67.3015 71.9268)", 182.64, "TRACK"
"2019-03-12 06:14:24", "2019-03-12 06:23:28", 5793, "POINT(-88.0352 87.2440)", 182.64, "OCCULTATION"
"2019-03-12 06:14:24", "2019-03-12 06:23:30", 5793, "POINT(67.6043 71.9717)", 183.59, "TRACK"
"2019-03-12 06:14:24", "2019-03-12 06:23:30", 5793, "POINT(-90.1109 87.2809)", 183.59, "OCCULTATION"
"2019-03-12 06:14:24", "2019-03-12 06:23:32", 5793, "POINT(67.9044 72.0155)", 184.52, "TRACK"
"2019-03-12 06:14:24", "2019-03-12 06:23:32", 5793, "POINT(-92.2093 87.3138)", 184.52, "OCCULTATION"
"2019-03-12 06:14:24", "2019-03-12 06:23:34", 5793, "POINT(68.2117 72.0596)", 185.47, "TRACK"
"2019-03-12 06:14:24", "2019-03-12 06:23:34", 5793, "POINT(-94.3966 87.3434)", 185.47, "OCCULTATION"
"2019-03-12 06:14:24", "2019-03-12 06:23:36", 5793, "POINT(68.5190 72.1030)", 186.41, "TRACK"
"2019-03-12 06:14:24", "2019-03-12 06:23:36", 5793, "POINT(-96.6180 87.3691)", 186.41, "OCCULTATION"
"2019-03-12 06:14:24", "2019-03-12 06:23:39", 5793, "POINT(68.8292 72.1460)", 187.36, "TRACK"
"2019-03-12 06:14:24", "2019-03-12 06:23:39", 5793, "POINT(-98.8891 87.3908)", 187.36, "OCCULTATION"
"2019-03-12 06:14:24", "2019-03-12 06:23:41", 5793, "POINT(69.1395 72.1884)", 188.30, "TRACK"
"2019-03-12 06:14:24", "2019-03-12 06:23:41", 5793, "POINT(-101.1825 87.4083)", 188.30, "OCCULTATION"
"2019-03-12 06:14:24", "2019-03-12 06:23:43", 5793, "POINT(69.4527 72.2304)", 189.25, "TRACK"
"2019-03-12 06:14:24", "2019-03-12 06:23:43", 5793, "POINT(-103.5129 87.4217)", 189.25, "OCCULTATION"
"2019-03-12 06:14:24", "2019-03-12 06:23:45", 5793, "POINT(69.7556 72.2704)", 190.16, "TRACK"
"2019-03-12 06:14:24", "2019-03-12 06:23:45", 5793, "POINT(-105.7748 87.4306)", 190.16, "OCCULTATION"
"2019-03-12 06:14:24", "2019-03-12 06:23:47", 5793, "POINT(70.0716 72.3114)", 191.11, "TRACK"
"2019-03-12 06:14:24", "2019-03-12 06:23:47", 5793, "POINT(-108.1356 87.4356)", 191.11, "OCCULTATION"
"2019-03-12 06:14:24", "2019-03-12 06:23:49", 5793, "POINT(70.3832 72.3511)", 192.04, "TRACK"
"2019-03-12 06:14:24", "2019-03-12 06:23:49", 5793, "POINT(-110.4563 87.4363)", 192.04, "OCCULTATION"
"2019-03-12 06:14:24", "2019-03-12 06:23:51", 5793, "POINT(70.7021 72.3910)", 192.98, "TRACK"
"2019-03-12 06:14:24", "2019-03-12 06:23:51", 5793, "POINT(-112.8172 87.4327)", 192.98, "OCCULTATION"
"2019-03-12 06:14:24", "2019-03-12 06:23:53", 5793, "POINT(71.0209 72.4302)", 193.92, "TRACK"
"2019-03-12 06:14:24", "2019-03-12 06:23:53", 5793, "POINT(-115.1555 87.4248)", 193.92, "OCCULTATION"
"2019-03-12 06:14:24", "2019-03-12 06:23:56", 5793, "POINT(71.3427 72.4691)", 194.87, "TRACK"
"2019-03-12 06:14:24", "2019-03-12 06:23:56", 5793, "POINT(-117.4854 87.4127)", 194.87, "OCCULTATION"
"2019-03-12 06:14:24", "2019-03-12 06:23:58", 5793, "POINT(71.6643 72.5072)", 195.81, "TRACK"
"2019-03-12 06:14:24", "2019-03-12 06:23:58", 5793, "POINT(-119.7782 87.3965)", 195.81, "OCCULTATION"
"2019-03-12 06:14:24", "2019-03-12 06:24:00", 5793, "POINT(71.9889 72.5449)", 196.75, "TRACK"
"2019-03-12 06:14:24", "2019-03-12 06:24:00", 5793, "POINT(-122.0485 87.3761)", 196.75, "OCCULTATION"
"2019-03-12 06:14:24", "2019-03-12 06:24:02", 5793, "POINT(72.3133 72.5819)", 197.69, "TRACK"
"2019-03-12 06:14:24", "2019-03-12 06:24:02", 5793, "POINT(-124.2691 87.3518)", 197.69, "OCCULTATION"
"2019-03-12 06:14:24", "2019-03-12 06:24:04", 5793, "POINT(72.6406 72.6185)", 198.63, "TRACK"
"2019-03-12 06:14:24", "2019-03-12 06:24:04", 5793, "POINT(-126.4553 87.3235)", 198.63, "OCCULTATION"
"2019-03-12 06:14:24", "2019-03-12 06:24:06", 5793, "POINT(72.9677 72.6544)", 199.57, "TRACK"
"2019-03-12 06:14:24", "2019-03-12 06:24:06", 5793, "POINT(-128.5821 87.2916)", 199.57, "OCCULTATION"
"2019-03-12 06:14:24", "2019-03-12 06:24:08", 5793, "POINT(73.2977 72.6899)", 200.51, "TRACK"
"2019-03-12 06:14:24", "2019-03-12 06:24:08", 5793, "POINT(-130.6655 87.2560)", 200.51, "OCCULTATION"
"2019-03-12 06:14:24", "2019-03-12 06:24:11", 5793, "POINT(73.6275 72.7246)", 201.45, "TRACK"
"2019-03-12 06:14:24", "2019-03-12 06:24:11", 5793, "POINT(-132.6829 87.2171)", 201.45, "OCCULTATION"
"2019-03-12 06:14:24", "2019-03-12 06:24:13", 5793, "POINT(73.9601 72.7590)", 202.39, "TRACK"
"2019-03-12 06:14:24", "2019-03-12 06:24:13", 5793, "POINT(-134.6505 87.1747)", 202.39, "OCCULTATION"
"2019-03-12 06:14:24", "2019-03-12 06:24:15", 5793, "POINT(74.2925 72.7926)", 203.32, "TRACK"
"2019-03-12 06:14:24", "2019-03-12 06:24:15", 5793, "POINT(-136.5485 87.1293)", 203.32, "OCCULTATION"
"2019-03-12 06:14:24", "2019-03-12 06:24:17", 5793, "POINT(74.6262 72.8256)", 204.26, "TRACK"
"2019-03-12 06:14:24", "2019-03-12 06:24:17", 5793, "POINT(-138.3848 87.0809)", 204.26, "OCCULTATION"
"2019-03-12 06:14:24", "2019-03-12 06:24:19", 5793, "POINT(74.9627 72.8582)", 205.19, "TRACK"
"2019-03-12 06:14:24", "2019-03-12 06:24:19", 5793, "POINT(-140.1671 87.0295)", 205.19, "OCCULTATION"
"2019-03-12 06:14:24", "2019-03-12 06:24:21", 5793, "POINT(75.2989 72.8901)", 206.13, "TRACK"
"2019-03-12 06:14:24", "2019-03-12 06:24:21", 5793, "POINT(-141.8788 86.9755)", 206.13, "OCCULTATION"
"2019-03-12 06:14:24", "2019-03-12 06:24:23", 5793, "POINT(75.6379 72.9215)", 207.06, "TRACK"
"2019-03-12 06:14:24", "2019-03-12 06:24:23", 5793, "POINT(-143.5363 86.9188)", 207.06, "OCCULTATION"
"2019-03-12 06:14:24", "2019-03-12 06:24:26", 5793, "POINT(75.9766 72.9522)", 208.00, "TRACK"
"2019-03-12 06:14:24", "2019-03-12 06:24:26", 5793, "POINT(-145.1249 86.8599)", 208.00, "OCCULTATION"
"2019-03-12 06:14:24", "2019-03-12 06:24:28", 5793, "POINT(76.3180 72.9824)", 208.93, "TRACK"
"2019-03-12 06:14:24", "2019-03-12 06:24:28", 5793, "POINT(-146.6605 86.7985)", 208.93, "OCCULTATION"
"2019-03-12 06:14:24", "2019-03-12 06:24:30", 5793, "POINT(76.6591 73.0119)", 209.86, "TRACK"
"2019-03-12 06:14:24", "2019-03-12 06:24:30", 5793, "POINT(-148.1302 86.7352)", 209.86, "OCCULTATION"
"2019-03-12 06:14:24", "2019-03-12 06:24:32", 5793, "POINT(77.0029 73.0410)", 210.80, "TRACK"
"2019-03-12 06:14:24", "2019-03-12 06:24:32", 5793, "POINT(-149.5493 86.6696)", 210.80, "OCCULTATION"
"2019-03-12 06:14:24", "2019-03-12 06:24:34", 5793, "POINT(77.3398 73.0687)", 211.71, "TRACK"
"2019-03-12 06:14:24", "2019-03-12 06:24:34", 5793, "POINT(-150.8814 86.6037)", 211.71, "OCCULTATION"